-0.26658,0.9783,0.65479
0.42176,1.1323,0.61877
0.42259,0.18814,0.64462
0.037416,0.2654,0.56534
0.057873,0.27079,0.54864
0.051998,0.27721,0.5518
0.5176,1.3291,0.61068
-0.058803,0.23349,0.37109
-0.059676,0.23905,0.35227
-0.047804,0.23616,0.37563
0.5331,1.0569,0.37754
0.52479,1.2832,0.62918
-0.52507,0.6817,0.58126
-0.53475,0.66592,0.58003
-0.18949,0.49711,0.52532
-0.19325,0.48895,0.55905
0.19591,1.4082,0.40832
-0.37218,0.20301,0.42713
-0.38124,0.2029,0.43176
0.91578,0.87514,0.55457
0.91538,0.89103,0.51702
0.81846,0.91005,0.63547
0.81249,0.90229,0.63992
-0.42411,0.3402,0.60137
0.42279,1.2601,0.65338
-0.55,0.63593,0.51742
-0.55991,0.67077,0.52075
-0.5638,0.64755,0.50737
-0.29953,1.0918,0.65323
-0.32147,1.0865,0.66547
0.32275,0.054659,0.65571
0.34438,0.051385,0.65208
0.33409,0.055819,0.646
0.82937,0.49834,0.6336
0.82584,0.53224,0.64406
0.20437,1.1251,0.44821
0.17937,1.1255,0.46954
-0.13445,0.055318,0.62563
-0.10474,0.04987,0.63091
-0.079808,1.307,0.64498
-0.086737,1.2995,0.64383
-0.058152,1.3072,0.65965
-0.30214,0.18888,0.62651
-0.028883,1.1065,0.39655
-0.05095,1.402,0.48687
-0.0080735,1.4114,0.49036
-0.23572,0.99459,0.64912
0.19985,1.439,0.49419
-0.51323,0.86688,0.55898
-0.51842,0.87019,0.54371
-0.50282,0.86957,0.56231
0.67535,1.2709,0.49867
0.65585,1.2843,0.49977
-0.11821,1.1363,0.33606
-0.097814,1.1438,0.34781
-0.12911,1.1196,0.33636
-0.098343,1.1424,0.33338
0.43572,-0.015245,0.55113
-0.53114,0.66735,0.42994
-0.52235,0.65852,0.42327
-0.065444,1.0549,0.57143
-0.036444,1.0605,0.57201
-0.24599,0.60416,0.55786
-0.24695,0.60486,0.55314
-0.2324,0.58727,0.54805
-0.23696,0.57903,0.55
-0.24045,0.59746,0.57152
-0.22578,0.5874,0.55396
-0.29986,0.43561,0.34225
-0.31139,0.4472,0.35937
-0.33495,1.1009,0.36747
-0.33173,1.1024,0.36415
0.33133,1.1083,0.57573
0.35374,1.1093,0.59054
-0.24864,0.98851,0.35137
-0.28695,0.92886,0.34551
0.086324,0.016448,0.36919
0.10002,0.034234,0.36612
0.1025,1.2027,0.36727
0.13877,1.159,0.38473
0.75357,1.1883,0.46866
0.75183,1.2056,0.49808
0.76266,0.44299,0.65033
0.75222,0.41628,0.64834
0.90656,0.86098,0.41255
0.90207,0.86589,0.40609
0.2507,1.1216,0.47415
0.27708,1.1201,0.4673
0.6825,0.66463,0.41038
-0.44896,0.29619,0.49334
-0.45125,0.28745,0.50768
0.30388,1.255,0.64315
-0.16333,0.30264,0.35576
0.13771,1.4394,0.50746
0.087972,1.4208,0.5
0.085577,1.4342,0.52395
-0.43746,0.68851,0.64882
0.85408,0.39086,0.60937
-0.43331,0.97428,0.62225
-0.43873,0.97755,0.62502
-0.41982,1.0161,0.60636
0.77822,0.94714,0.35566
0.78777,0.927,0.3518
0.79388,0.92933,0.36021
0.4356,1.2188,0.33891
0.45059,1.1922,0.34146
0.41484,1.2233,0.33911
-0.2268,0.046884,0.4644
-0.24904,0.049849,0.47225
0.16769,0.030199,0.36009
0.14805,0.0091447,0.36779
0.17748,0.03734,0.35494
0.12391,0.031263,0.36997
-0.33659,0.14652,0.49946
0.53154,0.99404,0.56784
0.6314,0.83525,0.58172
0.63276,0.84226,0.58428
-0.35449,1.1248,0.37993
0.60628,1.32,0.48228
0.62489,1.3054,0.45579
0.071465,-0.003325,0.60498
0.058752,0.0071241,0.60949
-0.26682,0.42367,0.34815
-0.24771,0.42451,0.35194
0.89643,0.47557,0.40519
0.90607,0.48494,0.42999
0.89766,0.49222,0.40286
0.078924,0.0049703,0.60238
0.45586,-0.019915,0.50945
0.48766,-0.012428,0.5488
0.55137,1.0248,0.62538
0.77359,0.96461,0.6548
0.80377,0.34348,0.36446
0.79422,0.3408,0.36068
-0.49619,0.37042,0.49735
-0.49585,0.38185,0.47683
-0.1736,0.097187,0.62787
0.76374,0.22779,0.56472
0.88122,0.82683,0.6319
0.90114,0.82342,0.61006
0.068603,-0.048282,0.54207
0.74819,0.62842,0.64328
0.72525,0.65303,0.63549
-0.2161,1.2067,0.64963
-0.24148,1.2053,0.62821
-0.14131,0.26395,0.64286
0.5842,1.0536,0.65849
0.59552,1.0425,0.66178
0.89373,0.51656,0.40826
0.76203,0.19467,0.46054
0.73748,0.85095,0.66462
-0.39622,1.0249,0.62241
-0.3979,1.0275,0.64382
-0.41324,1.0273,0.62566
-0.40489,1.0155,0.62043
-0.3773,1.0287,0.63237
-0.33909,1.011,0.34073
0.0078777,1.1167,0.60215
-0.51829,0.75156,0.58521
0.025884,1.0866,0.56426
0.070923,-0.042024,0.41363
0.074026,-0.036329,0.41338
0.069576,-0.057431,0.4494
0.044978,-0.035001,0.41744
0.50579,0.025751,0.43613
0.53633,0.023419,0.45307
0.50618,0.026076,0.45784
0.011911,1.2637,0.34697
-0.035557,1.226,0.34238
-0.19613,0.33772,0.36341
-0.19293,0.38654,0.38919
-0.3662,0.19578,0.57988
-0.37456,0.19636,0.57755
-0.38421,0.21516,0.55267
-0.3517,1.1979,0.47717
-0.33436,1.1925,0.50386
-0.0019658,0.25107,0.61347
0.63471,0.69022,0.44739
0.40649,0.21673,0.63251
0.41235,0.22115,0.6069
0.40829,0.24389,0.60988
0.26249,-0.045951,0.42818
0.25284,-0.06583,0.46574
0.24142,-0.041505,0.42596
0.34473,1.2602,0.34614
0.34164,1.2852,0.3436
0.36392,1.2504,0.34308
0.36924,1.247,0.33799
0.33682,1.271,0.33284
-0.53554,0.57627,0.51641
0.67703,0.71611,0.40296
-0.50509,0.51725,0.39052
-0.51555,0.52764,0.41977
-0.54507,0.54533,0.50137
0.0029555,1.3448,0.38472
0.0034087,1.3794,0.3911
0.39027,1.3869,0.41085
-0.067015,0.33069,0.44325
0.10426,1.4023,0.58084
0.10952,1.4128,0.58263
0.086224,1.3965,0.56838
-0.06729,1.0374,0.54211
-0.10043,1.0231,0.56588
0.50395,0.23209,0.35405
0.87466,0.57773,0.63148
0.87501,0.6076,0.62604
0.90044,0.60692,0.60845
0.87435,0.62195,0.62882
0.1691,0.076501,0.34391
0.17265,0.081503,0.34051
0.18923,0.074354,0.34081
0.60226,1.0611,0.35348
0.61399,1.0891,0.34573
-0.38162,0.64688,0.65066
-0.39381,0.62718,0.64421
-0.39771,0.65682,0.64315
-0.39209,0.66327,0.64041
-0.243,0.68705,0.51493
-0.22641,0.70087,0.50646
-0.15948,0.19625,0.65212
-0.41225,0.22894,0.55624
0.60681,0.52292,0.50493
0.57625,1.3343,0.50432
0.40966,1.2899,0.34851
0.41497,1.301,0.35663
0.40148,1.2933,0.35598
0.042739,1.3643,0.38969
0.058013,1.3682,0.38265
0.032491,1.3525,0.36919
0.030933,1.3603,0.39203
0.7607,0.55494,0.34386
0.77802,0.5866,0.34383
0.78812,0.54743,0.35065
0.80509,0.56684,0.34236
-0.4261,0.46178,0.36073
-0.4127,0.45774,0.35114
-0.085485,1.361,0.56164
-0.11434,1.3654,0.55877
-0.067609,1.3753,0.56
0.6507,0.079485,0.49381
0.65078,0.073774,0.50925
0.6635,0.095046,0.4963
0.62892,0.061567,0.50224
0.36141,0.032033,0.3699
0.36854,0.03315,0.36023
0.35677,0.050422,0.36795
0.91911,0.85795,0.55659
0.92049,0.84415,0.54898
0.91893,0.83416,0.56507
0.93697,0.83681,0.53216
0.59793,1.0224,0.36058
-0.54313,0.64059,0.41571
0.81985,0.29298,0.4213
0.7855,0.2673,0.41361
0.82546,0.28497,0.43249
0.30157,1.147,0.59896
0.33091,1.314,0.64259
0.34661,1.3009,0.66294
-0.092442,1.0766,0.60766
-0.081015,1.117,0.62843
0.69805,1.2409,0.52963
-0.0072261,1.4094,0.46366
0.26215,1.3203,0.65822
0.30525,1.312,0.65161
0.79449,1.1257,0.43904
0.80518,1.1435,0.44617
0.67482,0.70383,0.61815
-0.45633,1.0467,0.50864
-0.44911,1.0631,0.51223
-0.46257,1.0372,0.52731
0.22053,-0.059081,0.43061
0.097208,0.091425,0.34736
0.092181,0.087195,0.3428
0.88051,0.9175,0.5915
-0.32286,0.20779,0.62604
-0.32487,0.21138,0.61197
-0.29949,0.19491,0.63712
0.87065,0.63458,0.64367
0.8473,0.60442,0.63906
0.017677,-0.044761,0.42989
-0.10905,0.29322,0.61739
-0.13374,0.3107,0.63634
-0.092802,0.31913,0.61498
0.40153,1.0652,0.53627
0.41895,1.0708,0.52969
0.37564,1.0655,0.52474
0.37098,1.1742,0.36758
0.39385,1.2082,0.34122
0.82393,0.93302,0.63938
0.83476,0.98753,0.61401
-0.48679,0.84917,0.61497
-0.49172,0.85543,0.61246
-0.48492,0.87556,0.6176
-0.48063,0.88863,0.61246
0.84214,0.56118,0.63894
-0.38605,0.88348,0.66244
-0.39509,0.92822,0.65173
-0.40683,0.88395,0.6642
0.83263,0.31388,0.56915
0.2785,0.16176,0.63484
0.26334,0.15501,0.62589
0.71285,0.78332,0.37757
0.39076,1.3976,0.56403
0.39163,1.3959,0.54754
0.38164,1.3965,0.57722
0.38992,1.3938,0.53671
0.60738,0.97155,0.63232
0.54714,0.26073,0.6316
-0.42751,0.51674,0.35714
0.60358,1.3038,0.56122
0.6059,1.2899,0.58106
0.62559,1.2842,0.57756
0.62378,1.279,0.57641
-0.47012,0.9999,0.56397
0.41224,0.21569,0.36038
0.38597,0.21251,0.35681
0.42842,0.19775,0.35774
-0.4353,0.58021,0.34362
-0.43109,0.59112,0.35384
-0.46465,0.59602,0.34603
-0.50617,0.84918,0.59992
-0.53844,0.62015,0.56985
-0.41701,0.53977,0.35651
0.27559,0.21597,0.58365
0.91989,0.79668,0.57316
0.37885,0.18452,0.63656
-0.22988,0.92062,0.3792
0.61815,1.1266,0.65815
0.60321,1.1359,0.65715
0.18638,0.024656,0.36789
0.048727,-0.053044,0.47537
-0.2179,0.80131,0.43542
0.69704,0.74857,0.6358
0.69225,0.77943,0.62531
0.69717,0.77325,0.64935
0.69549,0.74969,0.6198
0.054843,0.020325,0.38159
-0.26276,0.51917,0.38493
0.59455,0.048249,0.50933
0.5917,0.048709,0.51361
0.59832,0.038827,0.52322
0.61661,0.048246,0.50434
0.78242,0.8463,0.35013
-0.52577,0.53751,0.56442
0.13463,0.25685,0.48825
0.11314,0.25718,0.48626
0.13681,0.25031,0.50036
0.10369,0.25266,0.48226
-0.19841,1.3205,0.54415
0.57514,1.2489,0.37073
0.63498,0.81195,0.55074
0.81408,0.39702,0.35628
0.81404,0.42549,0.35775
-0.26592,0.52317,0.61022
0.93723,0.71492,0.4582
0.94292,0.73401,0.45497
0.15926,0.24531,0.52621
0.19455,0.25288,0.50663
0.15268,0.25352,0.52488
0.18261,0.25264,0.49062
0.15008,0.24685,0.53565
0.15665,0.24699,0.53771
0.033435,0.035162,0.64407
0.62344,0.06683,0.55507
0.6022,0.05763,0.55135
-0.51492,0.44779,0.46947
-0.51402,0.44716,0.4781
-0.52241,0.45193,0.45307
0.85782,0.99808,0.40417
0.67221,0.57785,0.62479
0.62978,0.059119,0.49528
0.62338,0.049786,0.49635
-0.087437,1.136,0.63428
0.04997,1.0892,0.51979
0.061465,1.0855,0.53212
0.36222,1.2004,0.64619
-0.08885,0.026268,0.60805
-0.085434,0.00079635,0.5872
-0.098071,0.01211,0.59571
0.32067,1.3528,0.64338
-0.22501,0.59913,0.51595
-0.23232,0.61623,0.52268
-0.21641,0.58361,0.5011
-0.23251,0.58263,0.50456
0.49074,1.0641,0.59619
0.80933,1.0512,0.39721
0.80071,1.0888,0.39562
0.7884,1.0637,0.38382
0.80555,1.0635,0.40633
0.80854,1.0377,0.38827
-0.21616,0.52121,0.53596
0.87615,0.4266,0.43924
0.74112,0.85681,0.3507
0.54526,0.17566,0.36461
0.23886,0.25161,0.45859
0.23336,0.25252,0.47457
0.91869,0.452,0.50639
0.90601,0.43608,0.53998
0.91769,0.4504,0.53977
0.6147,1.0682,0.66667
0.62956,1.0745,0.65359
0.41245,1.3945,0.49682
0.45683,1.3857,0.49828
0.45342,1.3961,0.52652
0.57215,0.91254,0.52924
0.70896,0.32013,0.64808
0.38515,1.1148,0.39705
-0.3833,1.1425,0.49627
-0.37193,1.161,0.45465
0.70326,0.87312,0.64662
0.69041,0.88371,0.64114
0.42714,1.0572,0.47494
0.29057,1.4113,0.42964
0.26001,1.4115,0.41565
0.30457,1.4088,0.42783
0.27253,1.4182,0.41584
0.83371,0.58886,0.64413
-0.25676,0.7654,0.57938
-0.27894,0.88554,0.63072
-0.35658,0.97562,0.33964
0.85528,0.95573,0.39169
0.85907,0.95104,0.39163
0.4962,1.1682,0.6449
0.55894,1.1878,0.3411
0.52716,1.2059,0.35374
0.55595,1.2175,0.34815
0.55838,1.2189,0.35134
0.68099,0.10999,0.51344
0.68162,0.10719,0.54506
0.68658,0.12802,0.54348
0.66077,1.252,0.41854
0.64315,1.2367,0.39889
0.63526,1.2632,0.42249
0.66916,1.258,0.42757
-0.46873,0.97505,0.40557
0.2661,1.3553,0.36765
0.24431,1.3936,0.39389
0.30532,1.2642,0.345
0.30708,1.2902,0.35044
-0.019293,-0.032216,0.538
0.34923,0.26695,0.49939
0.37364,0.25981,0.52178
0.38066,0.26671,0.49772
0.36653,0.26654,0.54617
-0.050215,0.090621,0.65492
-0.023482,0.10116,0.65628
0.3465,1.2281,0.63946
0.88143,0.9624,0.52422
-0.49001,0.67569,0.37475
-0.5005,0.67826,0.38238
-0.50329,0.65041,0.3774
-0.47892,0.64212,0.35662
0.44502,1.0424,0.49991
-0.3166,0.57496,0.62339
0.78593,0.93491,0.65713
-0.43452,0.96049,0.6213
0.075988,1.4329,0.44501
0.6279,0.99553,0.64193
0.59544,1.0188,0.64973
0.63311,1.0046,0.66499
0.45488,1.099,0.60682
0.50344,1.0867,0.61928
-0.21323,0.11219,0.60952
-0.17478,0.11929,0.6363
0.33649,0.24177,0.42161
0.090604,0.18842,0.38746
0.079062,0.18551,0.36032
0.066705,0.16716,0.37005
-0.057198,0.062222,0.351
-0.084583,0.049247,0.35741
0.59239,1.2006,0.65807
0.5981,1.232,0.63842
0.16644,1.3954,0.60365
0.17269,1.421,0.56066
0.49304,1.2131,0.65548
0.45567,1.2271,0.66348
0.91962,0.85366,0.57668
0.90739,0.82344,0.57524
0.7319,0.46776,0.65038
0.69227,0.4546,0.63845
0.4409,0.23653,0.60011
0.20706,1.2877,0.65035
-0.39225,0.99721,0.65643
0.47155,0.28158,0.39215
0.48136,0.3046,0.37985
0.46395,0.25686,0.36367
0.80056,0.43632,0.3493
0.79931,0.44144,0.34332
0.79444,0.45499,0.34375
0.50826,0.25517,0.61788
0.85398,0.53937,0.35902
0.32057,0.1693,0.6462
0.68847,1.2011,0.39621
0.25668,0.23807,0.4472
-0.0015007,1.2443,0.64947
0.88621,0.5389,0.38561
0.88542,0.53668,0.38032
0.90094,0.53854,0.40138
0.85723,0.35052,0.5722
0.18729,1.1715,0.39322
0.18679,1.2044,0.37297
0.64959,0.64389,0.53999
0.65079,0.66127,0.57327
0.64175,0.66575,0.53872
0.28803,1.1118,0.43944
0.27749,1.1229,0.41934
0.2905,1.1501,0.39817
-0.29561,1.2211,0.44484
0.041536,1.4207,0.43516
0.33494,-0.019846,0.59513
0.33026,-0.014438,0.62023
-0.21442,0.073519,0.56039
0.65826,0.34981,0.64104
0.66231,0.37983,0.64949
-0.33246,0.76281,0.64812
-0.3565,0.77174,0.63972
0.71306,0.2235,0.60667
0.68613,0.21013,0.61975
-0.43771,0.6953,0.34833
0.6926,0.17374,0.58953
0.51556,1.3711,0.51607
0.52822,1.3629,0.53089
0.76582,1.1876,0.48564
0.321,-0.065961,0.53116
-0.1098,-0.021083,0.45163
-0.0878,-0.031727,0.45807
-0.085362,-0.033748,0.45892
-0.12639,-0.023477,0.45592
0.48352,1.2752,0.64081
0.4735,1.3146,0.62462
0.65457,0.71672,0.55749
0.44715,-0.012974,0.43802
0.42154,0.0085359,0.41343
0.51068,1.2743,0.64543
-0.12076,1.3331,0.57745
-0.22521,0.5639,0.55534
-0.42111,1.0892,0.52538
-0.14476,0.41985,0.50975
-0.14058,0.42433,0.50639
-0.13402,0.42156,0.49914
-0.16689,1.0533,0.35401
-0.16321,1.1022,0.34519
-0.49885,0.86466,0.4145
-0.48903,0.61029,0.62066
-0.50433,0.58753,0.61195
-0.52372,0.62229,0.60204
0.39825,1.397,0.47289
0.38303,1.4178,0.49133
0.61557,0.085349,0.42815
0.58992,0.08886,0.41365
-0.24235,0.62474,0.53415
-0.22969,1.0942,0.34214
-0.21567,0.79377,0.49026
-0.19742,0.83767,0.49335
-0.42516,1.0534,0.60106
0.63062,0.38013,0.63319
0.60148,0.31619,0.63504
0.7858,0.81473,0.35844
0.15046,1.429,0.49481
0.16296,1.446,0.51052
0.34787,1.3347,0.36449
0.38119,1.3318,0.36136
0.38552,1.3213,0.36773
-0.1489,0.33071,0.38008
-0.14151,0.33705,0.37497
-0.039517,0.31476,0.48006
-0.030448,-0.047888,0.49508
-0.039136,-0.052859,0.48468
0.20666,1.1545,0.39201
-0.15967,0.42387,0.45242
-0.16068,0.44262,0.46659
-0.16644,0.44822,0.48624
0.33369,1.3791,0.6121
0.32792,1.3887,0.59722
0.35735,1.3706,0.62316
0.28514,-0.060793,0.56333
0.3089,-0.044061,0.56499
-0.47069,0.39593,0.4148
-0.46619,0.39894,0.39141
-0.46629,0.35488,0.42766
0.22677,-0.026206,0.60561
0.60458,0.91622,0.40836
0.61217,0.90905,0.39108
0.60642,0.86667,0.44059
0.09107,1.285,0.67118
0.39742,1.1651,0.63476
0.41002,1.1996,0.63252
0.37122,0.17463,0.35207
0.62477,0.60887,0.53357
0.25178,0.23359,0.54815
-0.51253,0.65203,0.59847
-0.4056,0.86836,0.65133
-0.4284,0.86892,0.65748
-0.40943,0.87635,0.66663
0.79665,0.98291,0.64673
0.79628,1.0063,0.64714
-0.19591,0.87716,0.53727
0.56277,0.38289,0.38078
0.53141,0.38072,0.40462
-0.45213,1.0124,0.58225
0.33047,0.20375,0.36393
0.32802,0.22036,0.39288
0.7642,1.1131,0.59917
0.76135,0.51177,0.33346
0.79458,0.51396,0.33808
0.78214,0.49921,0.34
0.77036,0.50298,0.33267
-0.38506,0.52659,0.64477
0.76935,0.50926,0.35026
0.91701,0.76608,0.42443
0.82402,0.28102,0.55715
0.63004,0.067581,0.44784
0.65601,0.087793,0.43581
-0.13547,1.1646,0.65013
0.92072,0.47219,0.56396
-0.22692,0.94082,0.37334
-0.15454,0.31103,0.37734
0.72958,1.2048,0.5493
0.24629,1.3469,0.64448
-0.52495,0.79025,0.59224
0.36722,0.16523,0.34128
-0.29527,1.1144,0.66103
-0.20951,0.49704,0.42044
0.54263,1.3081,0.39595
-0.20392,0.39447,0.38729
-0.070825,0.34053,0.54252
-0.083204,0.3556,0.55008
-0.076554,0.34179,0.50762
0.6921,0.13655,0.4277
-0.19561,0.3158,0.34671
-0.43344,0.33406,0.41574
-0.44438,0.36373,0.39075
-0.45445,0.35564,0.39781
0.84516,0.5837,0.35983
0.8568,0.5933,0.35896
0.8405,0.56501,0.3439
0.82091,0.28703,0.4893
0.15697,1.1325,0.42288
0.59766,1.0611,0.36074
0.5687,1.0793,0.36073
-0.53867,0.73818,0.43309
-0.4303,0.52561,0.63099
-0.42402,0.49967,0.63591
0.67249,1.1651,0.64016
0.65244,1.2013,0.64104
0.22767,1.4231,0.53898
-0.37031,1.0388,0.63382
0.38503,0.10649,0.33991
0.4172,0.1278,0.34083
0.37883,0.12394,0.33441
0.40672,0.13698,0.3373
0.429,0.10643,0.34112
0.75428,0.18047,0.43411
0.71229,0.91759,0.65375
0.70302,0.91254,0.65132
-0.48237,0.98492,0.47034
-0.4951,0.9543,0.47211
0.86443,0.87194,0.62879
-0.20665,0.2935,0.64771
-0.2176,0.31174,0.64278
-0.20031,0.30832,0.65827
-0.20383,0.29758,0.65986
0.54694,0.057793,0.60132
0.37522,0.28171,0.53137
0.79299,0.4882,0.6459
0.92493,0.52798,0.57143
0.89767,0.5287,0.60488
-0.32857,1.1523,0.61071
-0.34102,1.1148,0.6373
-0.36033,0.82587,0.65826
-0.38617,0.8642,0.66066
0.73881,0.28502,0.63557
0.81112,0.30967,0.39006
-0.47391,0.81052,0.38776
-0.48674,0.80136,0.40241
0.93067,0.52933,0.48135
0.91516,0.49164,0.44342
0.0010113,0.28367,0.56
0.022907,0.29158,0.53666
0.067773,1.291,0.66225
-0.1992,0.51552,0.45967
0.88257,0.4489,0.43681
0.84199,0.70486,0.65601
0.86003,0.70927,0.64979
0.84464,0.71628,0.65923
0.81587,0.75465,0.65504
0.073584,1.3142,0.34924
0.591,1.0847,0.34428
0.81941,0.29167,0.44749
-0.056782,1.1129,0.37082
0.49271,1.0298,0.58516
0.13144,0.20695,0.3911
0.52169,0.016721,0.54337
0.54975,0.025238,0.54685
0.51652,-0.001277,0.55445
-0.54396,0.76168,0.43621
-0.53769,0.79714,0.45482
0.0043057,-0.041396,0.50768
0.25223,1.1969,0.63033
0.25918,1.1821,0.63272
0.6397,0.56551,0.45241
-0.2576,0.74728,0.59885
-0.27921,0.71723,0.61074
0.64756,0.67763,0.56974
0.71833,0.19908,0.59099
0.74537,0.20056,0.58538
-0.36877,0.88949,0.34468
-0.38575,0.90404,0.35083
0.7017,1.092,0.35006
0.73875,1.0794,0.35504
0.90994,0.85673,0.59251
0.18096,-0.068293,0.45016
0.063283,1.2919,0.34261
0.10404,-0.057318,0.50258
-0.24054,1.0804,0.66358
-0.2767,1.0695,0.67012
0.74853,0.25547,0.60434
-0.47005,0.63268,0.63184
-0.47444,0.58211,0.62867
0.12242,-0.068611,0.45351
0.1361,-0.082832,0.4629
0.46316,1.0902,0.40327
0.47954,1.0749,0.4009
0.48232,1.0661,0.40031
0.48182,1.0905,0.38768
0.47338,1.0966,0.39331
0.82465,0.76627,0.64849
0.75358,0.33871,0.6402
0.48101,0.05201,0.39493
0.054574,1.3305,0.65417
0.06098,1.346,0.65157
0.83411,1.0633,0.54471
0.82134,1.0912,0.51967
0.2522,-0.076247,0.48757
0.24998,-0.06833,0.48983
-0.33585,0.37299,0.63779
-0.10485,0.99782,0.54109
0.12145,0.13746,0.65235
0.1598,0.10317,0.66477
0.78156,0.38817,0.34734
0.79358,0.37357,0.34881
-0.1289,0.34914,0.59729
0.58972,1.1237,0.35138
0.58622,1.1228,0.35512
0.65912,0.87864,0.62651
0.12797,1.4038,0.40642
-0.28195,0.76292,0.38079
-0.31121,0.7877,0.36601
-0.27133,0.80004,0.37487
-0.31382,0.74721,0.35934
0.29436,0.22086,0.39594
0.29359,0.22023,0.41891
0.31223,0.21054,0.37999
-0.38456,1.0798,0.60861
0.084857,-0.064632,0.45798
0.090049,-0.055135,0.45342
0.26426,1.1733,0.38512
0.28825,1.193,0.37214
-0.28071,0.13195,0.41402
0.75656,0.35679,0.35221
-0.30478,1.235,0.53104
-0.25695,0.36752,0.65397
-0.54563,0.66449,0.55857
0.54083,0.04217,0.58895
-0.41644,0.60784,0.64414
0.32813,0.0076656,0.63771
0.31529,-0.00093229,0.6284
-0.22218,0.35262,0.35242
-0.22945,0.35385,0.36041
-0.066123,-0.025231,0.41798
0.73107,0.36574,0.64821
0.36269,0.25272,0.4701
0.39285,0.2748,0.47202
0.37319,0.28276,0.47058
0.11989,-0.012086,0.60428
0.8896,0.86123,0.39489
0.50257,0.35046,0.55788
0.84686,0.95331,0.37484
0.83839,0.9536,0.38882
0.911,0.81708,0.42072
-0.42653,0.28115,0.5767
-0.43578,0.29603,0.58344
0.64593,0.76534,0.57305
0.40579,0.29196,0.50534
0.79734,0.47869,0.3395
0.80978,0.47425,0.35157
0.8022,0.46732,0.33627
-0.43737,0.2963,0.58809
-0.14172,1.2497,0.64128
0.48582,0.32936,0.44702
0.20456,0.12775,0.65878
-0.2944,1.1668,0.37045
-0.30572,1.1922,0.41001
-0.31504,1.1801,0.38748
-0.49957,0.50394,0.5935
-0.014758,0.29429,0.54271
0.50552,0.094254,0.36343
0.52146,0.12397,0.35492
-0.42497,0.26974,0.46804
-0.45531,0.48552,0.62847
-0.50746,0.69843,0.38049
-0.49751,0.69875,0.37007
-0.51474,0.70892,0.38135
-0.4836,0.7259,0.38133
-0.25083,0.47829,0.61368
-0.27863,0.4947,0.63026
0.95791,0.70819,0.48792
0.63447,0.45322,0.38138
0.62822,0.48588,0.39601
0.88163,0.49494,0.61861
0.46955,-0.015859,0.49749
0.44659,-0.010704,0.4926
-0.33129,1.0325,0.65328
-0.33827,1.0578,0.665
0.88469,0.6418,0.63187
-0.39133,0.80256,0.33697
-0.25205,0.91686,0.64311
0.70672,0.22655,0.36851
-0.47379,0.93462,0.57987
-0.47056,0.72873,0.36519
0.11376,0.25035,0.43987
0.18092,0.2265,0.45355
0.45919,1.2654,0.3563
0.46586,1.2748,0.3636
0.38176,0.23048,0.38818
-0.40103,0.28224,0.42064
0.5097,0.075366,0.39179
0.78071,1.121,0.58091
0.75335,1.1552,0.57894
0.45129,0.30268,0.55353
0.84557,1.0397,0.41724
0.85738,1.0303,0.42341
0.25326,-0.033854,0.60619
-0.15828,1.0584,0.64896
0.82347,0.57043,0.64266
-0.28583,0.90837,0.63049
0.42641,1.349,0.39656
0.18842,-0.073185,0.49936
0.53079,1.0287,0.39839
0.28154,1.0996,0.54401
-0.26982,1.2066,0.62701
0.25225,0.098948,0.66469
-0.17777,1.3437,0.49816
-0.15472,1.3472,0.47717
-0.13429,1.3578,0.484
-0.15651,1.3237,0.47549
0.2576,0.24736,0.47438
0.23403,0.23743,0.48837
0.23287,0.25468,0.50307
0.27322,0.0041885,0.6351
0.26676,-0.07113,0.5334
0.2743,-0.071368,0.52533
0.25261,-0.072139,0.54702
-0.26585,1.0644,0.33564
0.097071,0.15913,0.34994
0.91024,0.69853,0.61338
0.39842,1.0714,0.54784
0.43808,1.0588,0.57917
0.44981,1.0789,0.58287
-0.21898,0.081036,0.40354
-0.18136,0.089735,0.37687
-0.23041,0.085887,0.39551
0.43752,0.24287,0.36869
-0.011124,1.2844,0.3433
-0.4149,0.94957,0.65116
-0.43744,0.92316,0.64918
0.15626,-0.065535,0.52378
0.13291,-0.067161,0.52093
0.12859,-0.074299,0.4969
0.11723,-0.062366,0.51702
0.041631,1.4185,0.56165
0.55481,1.3489,0.48893
0.56086,1.3504,0.49026
0.84741,0.78377,0.35942
0.31993,1.3587,0.38227
0.33989,1.3439,0.37778
-0.014857,1.3192,0.64975
-0.071085,1.3742,0.58123
-0.016112,0.12668,0.33233
0.038317,1.4089,0.5147
0.75859,1.1074,0.37504
0.76749,1.0848,0.37796
-0.3074,0.14701,0.57694
0.90127,0.86188,0.4002
-0.26248,0.63589,0.42161
-0.25101,0.63357,0.41919
-0.11007,-0.013119,0.42906
0.78821,0.55729,0.65465
0.80183,0.54473,0.64373
-0.27806,0.90671,0.35064
0.75441,1.0484,0.36245
0.78654,1.0345,0.36861
0.75964,1.0072,0.36032
0.23128,1.3583,0.37827
0.26074,1.3462,0.36676
0.89288,0.48381,0.58847
0.62108,1.2128,0.36748
0.75043,1.1716,0.42857
0.76065,1.1524,0.41166
0.7793,1.1645,0.43233
0.034823,1.2692,0.67033
0.021101,1.2729,0.65519
0.048597,1.3008,0.66019
0.58589,1.2946,0.41893
0.59236,1.288,0.39849
-0.22234,0.89422,0.44205
0.059255,0.068414,0.35286
-0.54561,0.67167,0.46246
-0.53819,0.63977,0.4532
-0.21767,1.2966,0.53257
-0.16684,0.30003,0.63668
-0.16293,0.32087,0.64498
-0.15964,0.32318,0.64271
0.57914,0.35656,0.61351
0.893,0.95086,0.48301
-0.42865,1.0722,0.44419
0.25709,0.069383,0.65998
-0.45457,0.75401,0.35662
-0.43303,0.76478,0.3624
-0.044727,0.26079,0.3758
-0.075153,0.24704,0.37714
-0.043608,1.2156,0.66411
-0.05503,1.2051,0.65611
0.22179,1.3158,0.3494
0.18412,1.3405,0.34935
0.098926,1.0977,0.48566
0.013333,1.2867,0.35413
-0.12516,1.2146,0.65536
0.067994,1.3996,0.40816
0.21028,0.24019,0.54436
-0.11171,1.1049,0.64808
-0.41197,0.59485,0.64071
-0.39037,0.57937,0.63399
0.72205,0.89569,0.65908
0.7314,0.99884,0.3513
0.31679,1.3999,0.42309
0.30354,1.4023,0.40733
-0.2363,0.052639,0.53695
0.48601,1.0352,0.43466
0.47643,1.0386,0.42531
0.63447,0.93492,0.37512
0.64043,0.90319,0.38933
-0.40874,1.0344,0.39987
0.018787,0.1701,0.34372
0.66846,0.19208,0.36749
-0.35943,1.1385,0.39626
0.57532,0.44887,0.44133
-0.024875,1.131,0.35716
-0.30005,0.15176,0.58527
-0.17051,0.010348,0.48612
-0.17159,-0.0007145,0.51912
0.47284,0.019053,0.584
0.0734,1.2554,0.34785
-0.51667,0.79099,0.60771
0.27186,0.060419,0.64985
0.28192,0.06129,0.66529
0.050258,1.3553,0.36023
0.37708,0.080266,0.34322
0.55446,0.025626,0.55078
0.55616,0.035157,0.5602
-0.40363,0.23795,0.48089
-0.38076,0.79902,0.34776
-0.05816,1.3535,0.61903
-0.035481,1.3512,0.60074
-0.38367,0.21778,0.54738
-0.48974,0.36672,0.46537
-0.25558,1.1102,0.67198
0.56302,0.054588,0.59774
0.56805,0.049304,0.58817
-0.087518,0.12509,0.65148
0.75273,0.42608,0.33474
-0.21543,0.4387,0.40782
0.72997,1.1862,0.58819
0.39045,1.1101,0.39994
0.38328,1.0782,0.43875
-0.11466,0.37903,0.53006
-0.11766,0.37447,0.5336
0.23677,1.3949,0.4076
0.61465,0.42177,0.36565
0.59851,0.43111,0.38038
0.63803,0.067179,0.47025
0.65307,0.074031,0.46253
0.63246,0.064354,0.47818
0.1599,-0.02756,0.60323
-0.39015,1.1213,0.44811
-0.38322,1.1317,0.45624
-0.40246,1.1111,0.47808
0.62606,0.24652,0.64916
0.61224,0.2651,0.65324
0.62358,0.26184,0.65715
0.63705,0.25777,0.64218
0.64306,0.23106,0.63992
0.93222,0.49263,0.50225
-0.45917,0.43137,0.38416
0.5902,1.2422,0.6438
0.58034,1.2353,0.62492
0.17361,0.2288,0.41242
0.22138,0.21945,0.39757
0.73732,0.7701,0.6607
0.73554,0.71778,0.65655
-0.2245,0.56441,0.45858
-0.22982,0.56659,0.47132
-0.24953,0.41948,0.6198
0.38903,0.079716,0.35338
0.64527,0.19595,0.63953
0.64889,0.20123,0.62342
0.74836,1.1408,0.40371
0.71646,1.1761,0.40893
-0.5053,0.87364,0.4424
-0.51723,0.85068,0.46063
0.43968,0.0089104,0.6052
0.43508,0.0029796,0.59871
0.3743,0.14488,0.65611
0.36677,0.12047,0.65734
0.38457,0.1562,0.6546
0.31582,0.18637,0.36101
0.31642,0.18079,0.3581
-0.070619,-0.038165,0.44658
0.2294,1.4329,0.45338
-0.010309,1.3513,0.61905
-0.28482,0.39254,0.3521
-0.49696,0.86886,0.60831
0.63813,0.56431,0.58261
-0.49555,0.73345,0.36881
-0.14051,1.2138,0.3506
-0.040886,1.131,0.63528
-0.3741,1.1249,0.59776
0.14635,0.22877,0.55734
0.1199,0.22381,0.58249
0.68781,0.47508,0.35964
0.87559,0.77728,0.38433
-0.19209,0.39413,0.61861
0.88342,0.90741,0.39318
0.92252,0.57229,0.42661
0.91658,0.56472,0.40953
0.91714,0.57247,0.43338
0.91571,0.57934,0.42721
0.91952,0.46926,0.46735
-0.034311,1.0837,0.55906
-0.40516,1.0971,0.41487
-0.068438,0.078709,0.63965
-0.094329,0.066299,0.65016
-0.070449,0.038415,0.63278
0.32667,0.076502,0.6552
0.75094,1.1758,0.52711
0.29998,1.4172,0.54907
0.71517,0.13461,0.47
-0.24901,1.1792,0.36817
0.74082,1.1427,0.38841
0.94267,0.62051,0.51601
0.94613,0.62836,0.51662
0.68335,0.44641,0.63744
0.25114,0.01979,0.6498
0.2503,0.033952,0.63933
-0.29832,0.69021,0.36636
0.93748,0.85429,0.51578
0.92405,0.84634,0.47997
0.49208,0.19383,0.36423
-0.44841,1.0305,0.45331
0.64874,0.77299,0.42116
0.6404,0.72553,0.43562
0.66815,0.72952,0.42612
0.69281,1.2273,0.59099
0.67983,1.2477,0.58763
0.70255,1.0325,0.66459
0.17139,0.055458,0.65083
0.1887,0.053836,0.64762
0.21533,0.062925,0.65241
0.9166,0.48671,0.46136
-0.46079,0.35339,0.43869
-0.1674,1.0971,0.33181
-0.15643,1.1049,0.3308
-0.19357,1.1042,0.34843
-0.2364,0.97284,0.64735
-0.20815,0.96127,0.62239
0.76248,0.20228,0.48367
0.79249,0.22015,0.46865
0.39587,1.367,0.39281
0.3396,1.4233,0.47754
-0.53509,0.80377,0.43589
0.82816,0.99908,0.37436
0.68403,1.2438,0.44409
-0.32345,0.28079,0.64478
0.40382,1.3291,0.6379
0.40093,1.3105,0.6504
-0.29102,0.38414,0.35376
-0.4201,0.23659,0.52857
-0.45885,0.71269,0.63675
-0.48859,0.40219,0.41145
-0.49575,0.45367,0.40409
0.64818,0.55345,0.60173
0.64543,0.52613,0.59331
-0.19876,1.0531,0.33748
-0.12373,-0.010814,0.51311
0.75097,0.49648,0.64661
0.72854,0.50745,0.65413
0.12587,0.071371,0.6524
-0.29619,0.61401,0.37575
-0.32871,0.65501,0.36169
0.73426,0.84116,0.64772
0.011845,1.3475,0.64611
0.40945,0.2491,0.58418
-0.36085,1.1209,0.62732
0.88171,0.83284,0.38936
0.88858,0.7981,0.39954
-0.26991,0.32389,0.64076
0.78188,0.64056,0.65972
-0.42402,1.0068,0.40988
-0.15112,1.0365,0.61142
-0.17729,0.45285,0.42772
0.57394,1.1019,0.35181
-0.13574,1.3677,0.52101
-0.13849,1.1371,0.66588
0.81812,0.5302,0.3563
0.80374,0.53916,0.33737
0.81384,0.49641,0.34033
0.10619,-0.039181,0.4142
-0.23054,0.75777,0.49285
-0.0088083,0.0013161,0.39464
0.85163,0.61137,0.35257
0.88857,0.6092,0.38728
-0.11953,1.2337,0.66077
-0.080824,1.2547,0.66153
-0.25818,1.2404,0.4429
-0.18675,0.38749,0.60276
-0.33596,0.97172,0.65918
0.35692,1.3705,0.40521
0.50912,0.32564,0.396
0.64213,0.79199,0.56
0.90352,0.92026,0.46123
0.90886,0.91293,0.46981
-0.25571,1.0773,0.33057
-0.31939,0.61147,0.37882
0.24345,-0.082382,0.50147
0.26506,-0.05902,0.49991
-0.53735,0.62616,0.40685
-0.35745,0.30144,0.36606
-0.35028,0.31006,0.35278
0.62731,0.57768,0.43907
-0.31816,0.93979,0.65145
-0.31885,0.94472,0.66497
0.62045,0.15325,0.62456
0.34231,0.096037,0.66106
0.3374,0.12006,0.66087
0.34798,0.11135,0.67116
0.50138,1.3173,0.61916
0.50099,1.3201,0.61357
0.077865,1.2457,0.67212
0.014783,0.091479,0.34531
-0.55566,0.62408,0.50578
-0.55586,0.63162,0.49132
-0.55796,0.61663,0.5231
-0.33886,0.65247,0.63385
0.71134,0.56395,0.36853
0.71975,0.56552,0.37089
0.70094,0.58616,0.37627
0.38249,1.3463,0.62263
0.375,1.344,0.64453
-0.4334,1.0444,0.55173
-0.42885,1.0517,0.55155
0.22885,1.4388,0.4582
-0.14788,0.15609,0.33998
-0.32759,0.27835,0.35162
-0.32398,0.27579,0.34984
0.77547,0.36505,0.3578
0.92522,0.48096,0.46934
0.93779,0.66288,0.53545
0.54788,0.36037,0.61103
0.22477,-0.083338,0.49447
0.20385,1.246,0.34234
0.22733,1.2395,0.35516
-0.33841,1.091,0.63931
-0.34709,1.0841,0.63815
0.85129,0.81572,0.35979
0.82531,0.87083,0.35859
0.088569,1.0885,0.4583
0.02381,0.038759,0.36613
0.19701,1.2457,0.65527
0.80806,0.64638,0.34992
-0.22328,1.0444,0.34072
-0.21831,1.04,0.33346
0.57949,0.19833,0.64739
-0.42939,0.85175,0.63926
0.11994,-0.038125,0.4177
0.11835,-0.02771,0.4056
0.048232,0.182,0.63499
-0.24122,1.0152,0.35062
-0.3786,0.96425,0.64845
0.29018,1.4182,0.51368
0.29095,1.4324,0.51901
0.70656,1.0987,0.66047
0.24273,-0.062012,0.57211
0.73665,1.1585,0.58992
0.7451,1.1539,0.61332
-0.033396,1.2128,0.34525
0.2656,1.1004,0.52806
0.10066,0.056005,0.65555
0.055584,0.061636,0.64691
0.42912,0.048654,0.36242
0.021373,-0.051304,0.46719
0.84205,0.87947,0.3602
0.84277,0.90331,0.37458
-0.42512,1.071,0.49876
-0.078441,1.3395,0.62311
0.75255,0.49515,0.34763
0.73961,0.5026,0.33671
-0.38503,0.58233,0.34762
-0.38247,0.57589,0.34021
-0.40319,0.58473,0.35716
0.50646,1.3736,0.47643
0.087655,-0.023534,0.57375
0.27836,1.1156,0.48712
-0.23646,0.33201,0.63951
-0.21874,1.116,0.66934
-0.17767,1.1018,0.66535
-0.21304,0.22742,0.35197
0.61742,0.54657,0.54214
0.4018,0.048611,0.64646
0.42245,0.060351,0.65167
0.27224,0.25169,0.50489
0.27368,0.24931,0.47468
-0.2578,0.7926,0.61101
0.27356,1.1704,0.39522
-0.40011,0.44022,0.64938
-0.26198,0.22073,0.35168
-0.27371,0.24858,0.36291
-0.27331,0.25322,0.34271
-0.25416,0.23701,0.34071
0.68973,0.12964,0.55196
0.73611,0.7024,0.35646
0.62411,0.88929,0.58569
0.8852,0.48418,0.61629
-0.22958,0.53979,0.54767
0.49008,1.3569,0.58556
0.47539,1.3751,0.56105
0.45223,1.3712,0.58477
0.93903,0.64618,0.45107
0.93258,0.60579,0.46438
0.93856,0.61271,0.47547
-0.28416,1.154,0.36177
0.010674,0.15194,0.33512
-0.017762,0.018408,0.61408
0.66022,1.1047,0.66351
-0.39827,0.25319,0.59105
-0.38772,0.23832,0.59267
-0.40433,0.23513,0.58532
-0.37689,0.23448,0.60307
-0.17315,0.38786,0.59217
0.71052,0.61332,0.38002
0.70147,0.63068,0.38577
0.9111,0.60748,0.40686
0.91351,0.6087,0.41814
0.53489,1.0041,0.60019
0.36053,0.22581,0.58887
0.83425,0.50063,0.35202
0.8505,0.50905,0.35971
-0.41621,0.40391,0.35947
0.64677,0.13992,0.38125
-0.055764,1.3603,0.41944
-0.36041,1.0726,0.38514
-0.094087,1.0265,0.51627
-0.41613,1.0068,0.63845
0.69236,1.1324,0.36317
-0.28359,0.57926,0.3847
0.90438,0.78278,0.60479
0.8922,0.80068,0.60517
0.90795,0.79933,0.6088
-0.025718,0.021379,0.62979
0.94296,0.73643,0.54281
0.58559,0.99132,0.36738
0.87984,1.0122,0.45972
0.85856,1.0021,0.43262
-0.12564,0.401,0.52173
-0.21757,0.57575,0.46678
-0.23355,0.57219,0.45318
-0.35454,0.15348,0.55023
0.80173,0.59579,0.34263
0.35894,1.0849,0.51787
0.32452,1.4288,0.5144
-0.069852,0.29485,0.59738
-0.092924,0.34123,0.5848
-0.19665,1.0097,0.36403
-0.16727,0.97099,0.60241
-0.15837,0.97614,0.58447
-0.14651,0.995,0.59434
-0.27804,1.0091,0.3415
-0.38147,0.5964,0.33415
-0.52399,0.84192,0.48608
0.34531,1.3335,0.62997
-0.17794,0.43558,0.56209
-0.48201,0.41227,0.58194
-0.47984,0.40413,0.57223
-0.47908,0.41348,0.57151
0.70619,0.24592,0.37173
-0.18108,0.19639,0.35506
0.69459,1.0498,0.66852
-0.053587,0.021737,0.59628
0.016077,1.1277,0.39338
0.30773,-0.017923,0.62025
-0.11263,1.084,0.35814
-0.53723,0.60913,0.4856
0.36433,1.1266,0.60808
0.68669,0.96944,0.34783
0.66916,0.95941,0.35033
-0.013008,1.3936,0.53983
0.67399,1.0868,0.34774
-0.47211,0.979,0.43572
0.078147,1.408,0.40452
0.073479,1.3853,0.4056
0.10696,1.4064,0.42197
0.37226,0.019693,0.37291
-0.034919,1.2747,0.65125
-0.05048,0.072935,0.65527
0.0090155,0.27355,0.43357
0.065501,0.25108,0.44896
0.0038267,0.27766,0.43426
-0.23695,0.51393,0.60339
-0.2948,0.092126,0.44862
0.65804,0.63376,0.59845
0.66182,0.61158,0.61782
0.44861,0.069213,0.625
-0.17953,0.93615,0.45519
-0.40704,1.0869,0.55574
-0.39717,1.1035,0.56099
-0.33527,1.2185,0.52665
0.50251,0.12445,0.63462
0.56806,0.13354,0.63606
0.48855,0.12081,0.64428
0.12031,-0.057788,0.54237
0.084212,0.11246,0.66108
-0.54792,0.70811,0.5494
0.28063,0.26002,0.47623
0.70105,1.1349,0.65545
0.89543,0.43292,0.55912
0.89936,0.43069,0.5795
0.88876,0.42365,0.57737
0.93525,0.67028,0.57309
-0.43114,1.0932,0.46791
-0.43223,1.0941,0.46882
0.92999,0.6946,0.4318
0.065647,1.3739,0.61786
-0.30905,1.0397,0.33297
0.50998,1.1355,0.35415
0.6318,0.93602,0.63666
0.66114,0.91034,0.62721
0.784,0.25704,0.42878
0.59908,0.51166,0.46304
-0.2275,0.74254,0.52591
0.18174,0.023644,0.63115
0.67283,1.2359,0.44327
-0.5501,0.69048,0.50495
0.71824,1.0101,0.67061
0.80401,1.1275,0.49205
0.70791,0.4163,0.65487
0.70256,0.43573,0.65263
0.70771,0.38246,0.65579
-0.070966,0.30337,0.40225
0.66805,1.1072,0.35396
0.65552,1.1021,0.34275
0.68493,1.1098,0.36533
-0.027333,-0.039051,0.45273
-0.038807,-0.043133,0.44394
-0.002303,-0.045875,0.45352
-0.18912,0.41905,0.60951
-0.18454,0.43759,0.5908
-0.36552,0.24177,0.61236
-0.28,0.27059,0.65152
0.14504,-0.043231,0.4191
0.1447,-0.059078,0.42808
0.13812,-0.059605,0.419
0.51134,0.36063,0.46208
-0.45721,0.43213,0.61826
-0.22839,0.27416,0.6502
-0.21696,0.28147,0.6517
0.62417,0.85968,0.41161
0.64103,0.84641,0.42542
0.38113,0.17274,0.64137
0.39453,0.15685,0.63705
-0.1872,1.3234,0.45815
-0.35408,0.68372,0.35552
-0.23895,1.1735,0.65009
-0.41127,0.23438,0.48709
0.90235,0.46496,0.5937
0.64955,0.82445,0.61507
0.11213,1.3704,0.62558
0.069977,1.4252,0.55028
0.61892,0.14841,0.63095
-0.31005,1.1495,0.64101
-0.3019,1.1405,0.63115
0.60983,0.4977,0.51689
0.45672,0.12607,0.34661
0.4756,1.3847,0.53161
0.47033,1.385,0.53368
0.45533,1.3836,0.53894
0.45448,1.3835,0.55449
-0.5096,0.90938,0.50532
-0.5214,0.91163,0.49777
-0.47868,0.68809,0.37912
-0.27781,0.69835,0.59753
-0.1022,0.156,0.33568
0.88888,0.53239,0.59449
-0.47718,0.52372,0.35819
-0.31108,0.28525,0.655
-0.32053,1.1107,0.38285
0.7047,1.1906,0.58716
0.94362,0.72506,0.5501
0.69676,1.025,0.67194
0.65473,0.14232,0.40853
0.079173,0.25858,0.49267
0.037321,0.28202,0.48418
-0.054821,1.0563,0.45908
-0.02749,1.0598,0.4619
-0.042615,1.0542,0.44708
-0.07948,1.0295,0.47838
0.83488,0.61923,0.35225
-0.43727,1.0641,0.42909
0.55589,0.067463,0.38655
0.22626,1.3357,0.6567
0.79659,1.1532,0.48915
-0.31873,1.1807,0.41777
0.71187,0.31307,0.64029
0.77441,0.41414,0.334
0.42331,0.14069,0.35115
0.46828,0.13192,0.64276
0.4532,0.15872,0.64604
-0.52861,0.89458,0.51057
0.30369,-0.074863,0.48878
0.42648,1.1634,0.34859
0.022246,0.1252,0.65877
0.031052,0.11351,0.65284
-0.36638,0.34678,0.62348
-0.36834,0.99115,0.65411
-0.37067,0.99316,0.6657
0.42349,1.0637,0.42536
-0.55239,0.76231,0.52357
-0.48688,0.45788,0.59895
0.73161,1.2246,0.53107
0.72829,1.2249,0.51132
0.63,1.147,0.35349
-0.057945,1.0751,0.42534
-0.029322,1.0625,0.43208
-0.20225,0.45026,0.57874
-0.34774,0.20383,0.40735
-0.25997,0.75847,0.3962
0.59363,1.3221,0.50868
0.59539,1.3368,0.51728
0.62004,0.95354,0.64355
0.59717,0.50161,0.53947
-0.31375,0.42697,0.35622
0.078699,1.1737,0.62622
0.69096,0.099902,0.49873
0.71632,0.12847,0.50913
0.47847,0.30336,0.40674
-0.26634,1.2065,0.38864
0.6101,0.064685,0.46011
0.61797,0.06773,0.46821
0.15616,1.0989,0.49193
0.62321,0.84206,0.42906
0.3022,0.10244,0.66459
0.40926,1.3729,0.59437
0.43439,1.3778,0.56539
0.42064,1.3747,0.56848
0.75389,0.22073,0.39446
0.53588,0.22026,0.636
0.30853,0.15447,0.35149
0.30337,0.15704,0.34905
-0.18714,0.51348,0.49734
-0.39868,0.72971,0.64435
0.124,0.15346,0.64606
0.13789,0.18495,0.62645
0.13482,0.14724,0.65387
-0.08416,0.25134,0.35187
0.14141,1.3866,0.59771
-0.46686,0.74551,0.37745
0.62284,0.91536,0.62703
0.78708,0.58641,0.33503
0.086134,0.24975,0.45593
-0.31365,0.52163,0.63133
0.56679,1.1801,0.33774
-0.22097,0.049763,0.44807
0.63569,0.13533,0.40152
-0.17467,1.179,0.34227
-0.2862,1.151,0.65505
0.78251,0.79787,0.65783
0.75789,0.80245,0.65252
0.73014,0.3089,0.63069
0.63511,0.73381,0.46438
0.56481,1.1438,0.65561
0.58912,1.126,0.6636
0.10298,1.2148,0.35307
-0.25879,0.37954,0.34018
0.62727,0.054732,0.50426
-0.48124,0.38724,0.57953
-0.031255,0.25743,0.37205
0.87406,0.40398,0.59274
0.88834,0.4076,0.54939
0.50001,0.3086,0.61208
-0.20493,0.55065,0.53303
0.71105,0.54332,0.63142
0.078013,0.10355,0.65056
-0.40044,1.117,0.56136
0.36409,0.013416,0.6406
0.70251,1.1665,0.61203
0.47234,1.3573,0.41095
0.46927,1.361,0.42679
0.0077821,1.0761,0.47493
0.020957,1.0687,0.47895
-0.35088,1.019,0.66332
-0.32377,1.0202,0.66922
0.2677,1.338,0.6571
0.38074,-0.054455,0.47492
0.034138,1.3981,0.45085
-0.28476,0.24625,0.63897
0.33821,1.0759,0.52229
-0.090905,-0.015009,0.49973
0.93429,0.48513,0.52283
0.35181,-0.021117,0.57699
0.20205,1.1033,0.54141
0.087493,0.25136,0.53906
-0.3717,0.78055,0.3423
-0.34988,0.78959,0.34353
-0.28207,1.2108,0.40973
-0.29769,1.2105,0.39894
0.69803,0.83665,0.65591
-0.34957,1.1913,0.538
-0.35716,0.24679,0.40012
-0.33707,0.25609,0.38245
-0.0083684,0.1365,0.65515
0.10939,-0.071295,0.51953
0.25929,1.3187,0.34482
0.26488,1.3449,0.36574
0.89949,0.90909,0.42041
-0.076055,0.33242,0.42336
0.63597,0.60398,0.49448
0.63967,0.60391,0.51036
0.85479,0.36832,0.57138
0.94045,0.65005,0.54329
0.58252,0.35408,0.60523
0.095111,0.02498,0.62765
0.91987,0.81822,0.45094
0.75048,0.61593,0.64141
0.7098,0.50743,0.36069
0.31314,1.3629,0.38713
0.072019,1.1878,0.63432
0.35057,1.2816,0.33373
0.22997,1.2996,0.33816
0.694,0.57786,0.38736
0.68272,0.602,0.38462
0.048326,1.3354,0.34832
0.074237,1.3518,0.35975
-0.21344,1.1335,0.34335
-0.18254,1.1465,0.34707
-0.19307,1.1399,0.33123
0.082509,-0.076317,0.47041
0.60561,1.3306,0.4941
0.14769,0.088994,0.33757
0.85006,0.35066,0.54628
-0.018863,0.29204,0.4365
0.55223,1.2691,0.3655
0.55121,1.2722,0.38371
0.56095,1.2835,0.39463
0.5364,1.2599,0.36572
-0.26467,0.32611,0.34473
0.063433,0.20804,0.63004
0.56181,0.15305,0.63427
-0.31806,1.1925,0.4029
-0.29349,0.17036,0.40116
-0.45424,1.0393,0.53991
-0.063095,1.4029,0.49487
-0.15163,0.036378,0.38626
-0.29001,0.090466,0.5257
-0.020563,1.3582,0.63038
0.13614,0.1948,0.61158
0.68352,0.29006,0.34044
-0.32951,0.98993,0.6687
-0.18081,1.2078,0.37305
-0.43998,0.70545,0.34474
0.54915,1.0752,0.35307
0.90998,0.94071,0.4623
0.68166,0.62948,0.62516
0.58026,0.052566,0.55311
-0.22887,0.41895,0.38061
0.47412,1.3703,0.45319
0.81186,0.35655,0.62999
-0.34036,0.95736,0.66862
-0.348,0.97428,0.65994
0.59526,1.1595,0.66821
-0.2097,0.89912,0.59447
-0.18836,0.92698,0.58882
-0.49449,0.71384,0.61822
-0.50363,0.7155,0.6204
-0.098015,0.20322,0.64209
0.17275,-0.07096,0.43608
-0.36658,0.84374,0.64819
-0.39397,0.74888,0.35679
-0.36739,0.87454,0.66472
-0.28635,0.34201,0.35462
-0.48016,0.34114,0.48714
0.88782,0.69023,0.63371
0.88674,0.71538,0.62992
0.86471,0.66993,0.64838
-0.47333,0.98362,0.44654
0.7392,0.71582,0.65805
0.68088,0.14434,0.56327
0.77541,0.20617,0.48911
0.52273,0.3831,0.42555
0.7528,0.24681,0.39498
0.62971,0.69119,0.48141
0.62725,0.48501,0.61077
0.65445,0.49949,0.62283
-0.41693,0.25961,0.44011
0.30653,1.323,0.34897
0.55576,1.0187,0.38753
-0.061181,1.3792,0.52597
0.8056,0.42029,0.63276
0.4196,0.10509,0.66263
0.71459,0.78506,0.65844
0.61739,0.49121,0.60061
0.69521,0.82653,0.62742
0.79318,0.75324,0.65977
-0.047557,1.3945,0.55697
0.071332,1.4334,0.4687
-0.23703,0.53166,0.43761
0.84188,0.61286,0.34782
0.23431,0.1635,0.35507
-0.22713,0.35543,0.34229
-0.30882,0.098101,0.51748
0.66453,0.3968,0.64634
0.58721,1.2643,0.62111
0.38168,1.3981,0.45911
0.52498,0.99685,0.48136
0.91923,0.72351,0.43963
0.26785,1.0949,0.52725
0.26978,1.0935,0.51935
0.742,0.16479,0.51861
-0.26301,0.076488,0.42403
0.78805,0.38429,0.64027
-0.40852,0.68456,0.35014
-0.21214,0.57592,0.49764
0.21215,1.133,0.45097
0.90841,0.89509,0.51162
0.62188,0.42598,0.61779
0.62873,0.42802,0.60818
0.33643,1.4134,0.44982
0.32589,1.4058,0.45759
0.041911,1.2941,0.67701
-0.3675,1.0142,0.34626
-0.43892,0.90324,0.65421
-0.12335,1.026,0.58456
0.0028107,0.13116,0.33065
-0.3089,0.78402,0.62222
0.42597,0.088408,0.33691
-0.47394,0.35941,0.47066
0.4801,0.3127,0.44334
0.6193,0.41241,0.60741
0.62385,0.4223,0.60558
0.57683,0.94646,0.39326
0.82822,1.0896,0.43034
0.82143,1.0941,0.42014
0.50181,1.3766,0.54621
0.43439,1.3992,0.54185
0.43486,1.3865,0.534
0.87623,0.99367,0.42871
0.64505,0.41259,0.63041
0.63124,0.40583,0.61627
0.6183,0.16681,0.3527
0.00843,1.1715,0.36866
-0.027937,1.1515,0.34506
-0.47522,0.32638,0.5382
-0.35805,1.1602,0.60029
0.49686,1.0587,0.58792
0.062514,0.10696,0.35298
0.059348,0.10629,0.33905
0.69834,0.72778,0.64511
-0.20935,0.43373,0.59104
0.63997,0.57016,0.50423
-0.11839,0.32541,0.59137
0.33196,1.0774,0.5247
0.48537,1.0087,0.49495
-0.43393,0.27909,0.54526
-0.43988,0.29664,0.54829
0.42767,0.27913,0.51865
0.29248,0.035057,0.65715
-0.13506,0.37443,0.60257
0.30176,1.4004,0.60861
0.81603,0.42618,0.64564
0.94293,0.52776,0.50315
0.25568,1.3525,0.62153
-0.46463,1.0049,0.50623
-0.48836,1.0076,0.49609
-0.48514,1.0008,0.46481
-0.46594,0.99545,0.47262
0.57987,0.099977,0.61355
0.6014,0.093542,0.59506
-0.22608,1.1336,0.3438
-0.24342,1.1381,0.34529
-0.22184,1.1361,0.34077
-0.53134,0.55288,0.56761
-0.032825,1.3053,0.66611
0.77535,0.33251,0.37665
0.4809,1.06,0.41761
0.8838,0.98,0.54384
-0.41229,0.57678,0.63375
0.25845,1.4114,0.53714
-0.46073,1.0129,0.44136
0.66174,0.098567,0.55997
0.14221,1.1324,0.4009
-0.062677,-0.047745,0.45481
0.047823,1.1782,0.63377
0.82184,0.69894,0.64961
0.84362,0.67229,0.64457
0.86161,0.69048,0.63233
0.25543,0.16672,0.37938
-0.19525,0.052438,0.44153
0.58696,0.47136,0.55905
0.87579,0.43068,0.60747
0.87285,0.42907,0.61496
0.59798,0.91736,0.59709
0.51392,1.1281,0.36442
-0.26944,0.20709,0.3577
0.65541,0.44311,0.62587
0.11017,1.2711,0.35424
0.11673,1.2688,0.35603
0.60216,0.91696,0.3881
0.73762,0.14956,0.45647
0.92917,0.87754,0.47573
0.91381,0.8781,0.4707
0.92411,0.89203,0.47685
0.93369,0.86553,0.47094
0.32758,-0.0084559,0.63127
0.60651,0.061652,0.57586
-0.37336,0.68577,0.34804
-0.40809,0.49684,0.64976
-0.0070106,0.29419,0.46882
-0.0061755,0.28654,0.46575
0.30318,1.3318,0.63079
-0.2252,0.8455,0.59071
0.47489,0.32321,0.40656
0.50238,0.32066,0.40369
-0.089779,1.1518,0.33045
-0.080791,1.172,0.33448
0.86038,0.38383,0.60871
0.4514,1.3767,0.42388
-0.2601,0.15459,0.63085
0.80415,0.88959,0.64062
0.63385,0.135,0.40581
0.65701,0.23281,0.6303
0.12061,1.4143,0.59192
0.57464,0.04333,0.47262
0.56647,1.1518,0.35643
0.85878,0.32578,0.4405
-0.31174,0.22457,0.37593
0.10369,0.22167,0.60625
0.47245,0.11407,0.35721
-0.38957,0.95933,0.37185
-0.18906,1.2729,0.59301
0.94967,0.67952,0.46022
0.48619,0.31223,0.37959
-0.018208,1.0885,0.59303
0.55162,1.0796,0.65797
-0.02525,1.2051,0.33479
-0.0059581,1.1969,0.33865
0.48136,1.2233,0.66525
0.42729,0.2617,0.57097
0.39645,0.059963,0.34173
-0.075405,1.0499,0.46458
-0.42632,0.92447,0.65494
0.6368,0.69031,0.55771
0.62102,0.054647,0.52189
0.62244,0.064184,0.5266
0.27576,1.4386,0.51192
-0.47837,0.63328,0.35112
-0.2888,0.23605,0.37418
0.021538,0.28624,0.45806
-0.4729,0.89839,0.63085
0.72191,0.1429,0.42768
0.87626,0.69861,0.38645
0.62599,0.77965,0.47295
0.36252,1.4199,0.47597
0.00071343,0.26192,0.41781
0.78518,0.87018,0.64048
-0.29219,0.59197,0.36687
0.86309,0.5015,0.38265
0.64598,0.63928,0.49964
0.62497,0.6607,0.52644
-0.21822,0.19576,0.65901
0.71109,1.2484,0.51265
0.46201,1.3719,0.54541
-0.27128,0.35035,0.33614
-0.23551,0.84396,0.56895
0.68854,1.1482,0.38066
0.55488,0.042431,0.55096
0.65412,0.38511,0.63745
0.11405,1.1264,0.532
0.3445,0.13578,0.33905
0.34342,0.16035,0.33912
0.79972,0.98647,0.37378
0.10226,1.3451,0.3484
0.69477,0.11658,0.54871
-0.14067,0.10763,0.65641
0.17474,1.1682,0.62514
0.13768,1.0969,0.46873
0.13828,1.0946,0.47614
0.57606,1.3064,0.40486
-0.010532,0.08495,0.64478
0.0077353,1.3187,0.37478
-0.034755,0.32896,0.52205
-0.45958,0.7031,0.62594
-0.30742,1.1843,0.58238
-0.40192,1.1424,0.50453
-0.479,0.54475,0.62104
-0.46444,0.565,0.62163
0.39599,0.29071,0.47565
0.46793,1.3227,0.37107
0.46831,1.3306,0.37532
-0.18984,0.9486,0.56888
-0.47591,0.46734,0.62218
0.79737,0.26691,0.58987
-0.079725,1.1666,0.32822
-0.49786,0.52833,0.61623
0.61566,0.87963,0.47214
-0.204,0.89592,0.39563
-0.52373,0.57171,0.59417
0.53386,0.20415,0.64725
0.17578,-0.014637,0.61893
0.11004,1.3229,0.67273
-0.55521,0.73285,0.53647
-0.53109,0.74522,0.53876
0.74515,0.97138,0.34278
-0.29684,1.2154,0.61011
-0.11035,0.3098,0.39978
0.85758,0.95008,0.57258
0.55268,1.2745,0.36434
0.94656,0.81401,0.53235
0.19456,1.4412,0.44978
-0.45379,0.38813,0.37614
0.39623,0.13622,0.64304
-0.53192,0.53394,0.5682
-0.50315,0.52735,0.58267
0.43935,1.2414,0.66572
0.33451,1.3073,0.36206
-0.25011,0.19176,0.62855
0.66719,0.11605,0.45131
0.61465,0.14386,0.63512
0.66311,0.14712,0.58905
0.91874,0.85879,0.49077
0.53577,0.17522,0.63697
0.13143,1.4173,0.45209
0.34372,1.2113,0.65722
-0.5491,0.78672,0.46759
-0.075376,0.29536,0.38028
-0.46286,0.96259,0.43578
-0.21788,1.1277,0.35223
-0.10786,0.33205,0.3942
-0.11299,0.32152,0.40819
-0.46966,0.39632,0.60575
-0.18954,0.924,0.48464
0.0030055,1.0752,0.44012
0.54642,0.08447,0.60476
-0.20676,0.020408,0.51769
-0.38956,0.29141,0.37638
0.62772,0.53679,0.41256
0.39403,0.10823,0.66276
0.63236,0.79507,0.5856
0.52505,0.38704,0.41572
0.39117,1.3094,0.65829
-0.2428,0.097496,0.38762
-0.030777,0.29296,0.59662
0.75863,1.1474,0.43179
-0.4129,0.90718,0.34853
-0.1631,0.15618,0.36242
-0.18801,0.1398,0.34739
0.094172,-0.073838,0.51195
-0.35257,1.1971,0.51889
-0.36149,1.1926,0.50615
-0.29744,0.79215,0.35194
-0.42292,0.72832,0.66054
-0.44973,0.89945,0.62176
0.09281,1.2717,0.35334
-0.055559,0.22786,0.6501
-0.23882,0.47619,0.59284
0.53148,1.2914,0.36598
-0.25908,0.75458,0.38451
0.61141,0.3015,0.63803
0.62659,1.1687,0.66296
-0.1171,0.1323,0.64054
0.46797,0.23475,0.35015
0.035102,1.4326,0.47318
-0.24083,0.57763,0.5471
-0.41182,0.26152,0.47016
0.86718,0.44448,0.41568
-0.24281,0.81134,0.60567
-0.075155,1.2578,0.66977
0.15049,0.13374,0.63365
0.30794,1.3221,0.34262
0.43549,0.10614,0.3619
0.83543,1.19,0.44036
-0.31969,0.99721,0.6727
0.78961,0.84812,0.36084
0.57779,1.2892,0.39103
0.36566,1.3255,0.35571
0.0023352,1.461,0.44026
0.62725,0.026644,0.35555
-0.44934,0.88823,0.66773
-0.3287,1.0743,0.6527
-0.55846,0.51463,0.34575
0.84536,1.1466,0.35587
0.22263,0.10318,0.68508
-0.57693,0.7185,0.63813
0.18904,-0.11811,0.49049
0.42244,0.22368,0.67478
-0.015532,1.188,0.6344
0.32146,-0.11199,0.57233
-0.45623,0.29596,0.49932
0.75326,0.18784,0.45421
0.88242,0.90839,0.55582
0.52995,1.3663,0.61109
0.85477,0.67275,0.30445
-0.0513,1.3064,0.56365
1.1035,-0.9522,1.3005
0.022129,1.1853,0.62924
0.44131,0.30275,0.35846
0.3652,1.4231,0.44591
0.29901,0.016323,0.64875
0.043719,1.0816,0.42895
0.16152,1.0464,0.53419
0.14105,1.302,0.74738
0.67363,1.2873,0.5089
0.94299,0.92641,0.53635
-0.13014,1.0768,0.36685
0.42174,1.0519,0.47603
0.46878,1.019,0.42063
-0.41544,0.22947,0.53012
-0.32874,0.70101,0.66141
0.21028,1.1301,0.40058
-0.27998,1.2012,0.62488
0.53701,0.078054,0.39415
-0.18619,0.95467,0.30224
-0.27223,1.1639,0.71609
0.85909,0.86214,0.39526
-0.27146,0.6655,0.37951
0.37726,0.21368,0.54518
0.60297,0.49587,0.36967
-0.40762,1.1241,0.4491
0.1997,-0.072485,0.44812
-0.3969,0.86847,0.25148
0.29221,1.2883,0.33909
0.3712,1.3311,0.64292
0.805,1.129,0.32398
0.13989,1.5517,1.4156
-0.2667,0.49875,0.34022
-0.44426,0.39509,0.61468
0.55724,0.33556,0.29828
-0.19659,1.0851,0.29915
-0.3408,0.82043,0.36416
-0.51679,0.85977,0.60882
-0.38899,1.0125,0.63681
0.67487,0.085563,0.39711
-0.17113,1.0885,0.32861
-0.30837,0.10879,0.40447
0.16112,0.060843,0.64629
0.13856,0.054377,0.65455
0.1293,0.29098,0.45809
-0.27534,1.2501,0.48682
0.01041,-0.052529,0.41939
0.41939,0.05236,0.62626
0.50833,0.077372,0.51696
-0.037966,1.451,0.41624
-0.35231,0.84602,0.72844
0.96851,0.82141,0.49866
0.14297,1.4925,1.4309
-0.103,0.0704,0.70814
0.64563,0.68427,0.70571
-0.42789,0.20233,0.40432
0.5438,0.30136,0.32915
-0.44476,0.90125,0.70059
0.33837,1.3659,0.59909
-0.066519,0.088721,0.70061
0.81129,0.43275,0.65627
0.70915,0.11274,0.44419
0.02673,1.2831,0.68524
0.28278,1.1085,0.54649
0.63931,0.28682,0.69592
-0.4158,0.97878,0.7048
-0.47709,0.33986,0.48173
-0.30405,1.275,0.37354
-0.12917,-0.050019,0.4828
-0.19778,1.0379,0.3274
-0.070194,1.3466,0.65839
0.85336,0.7356,0.64116
0.66653,0.67403,0.68517
0.92982,0.83468,0.36885
0.71354,0.94867,0.68757
0.49298,-0.035044,0.59493
-0.48856,0.96655,0.43906
-0.58187,0.88163,0.37878
-0.22071,0.95318,0.65952
0.58534,0.3913,0.53136
0.29604,1.1745,0.54782
0.21004,0.2464,0.38793
0.46917,1.3902,0.64729
-0.36362,0.092836,0.40795
-0.096651,0.26842,0.66071
0.71677,0.16092,0.34809
-0.52216,0.81124,0.52959
0.90554,0.52783,0.69075
-0.5187,0.34067,0.50441
0.18645,1.5506,1.4594
0.058471,-0.074572,0.40208
0.48502,0.21093,0.42763
-0.45588,0.89421,0.64308
0.34241,0.25134,0.61015
1.0656,-0.97955,1.2527
0.11267,1.21,0.33117
-0.53306,0.70682,0.46416
0.47673,0.99423,0.40237
-0.14018,0.37834,0.4104
-0.54015,0.45266,0.41796
0.86604,0.83797,0.60031
-0.59805,0.57934,0.44876
-0.045236,-0.040563,0.505
-0.36261,0.48426,0.33539
-0.3651,1.2012,0.6346
0.12585,1.5679,1.4636
0.23941,1.104,0.53912
0.14686,1.5154,1.4287
-0.096993,-0.044279,0.45056
0.71702,0.21836,0.63351
-0.011839,1.4849,0.45988
0.92883,0.46042,0.52297
0.24604,0.1146,0.36382
1.1789,-1.0007,1.3026
0.69924,0.29692,0.70267
-0.41397,0.94465,0.63056
0.54721,1.3426,0.6401
-0.43374,0.25173,0.43359
-0.26933,0.3854,0.6742
0.14087,-0.10256,0.46113
0.3069,1.4074,0.42526
-0.29808,1.2217,0.64057
-0.038367,1.303,0.32907
0.72976,0.75597,0.68286
0.60089,0.47705,0.64512
-0.13004,0.02641,0.33841
0.13655,-0.063233,0.44042
-0.027939,1.4597,0.54133
-0.608,0.64351,0.4191
0.6159,0.14566,0.60156
0.92854,0.79328,0.63762
0.33456,0.12939,0.34126
0.68499,0.73312,0.64427
-0.10203,0.29211,0.44458
0.62057,0.086772,0.35323
0.39069,0.034679,0.6302
-0.074137,0.32712,0.54964
-0.077874,0.97254,0.6075
-0.11176,0.32506,0.63884
-0.42149,0.82122,0.62084
-0.5141,1.0388,0.53618
0.36295,1.0366,0.53403
0.52976,1.3766,0.51709
0.9088,0.75698,0.69747
0.51018,1.0513,0.59765
-0.4828,0.31707,0.59195
1.1054,-0.99951,1.2703
0.56511,1.0014,0.68367
-0.37113,0.69224,0.39588
0.85968,0.89719,0.69346
0.052924,1.4345,0.44384
-0.03108,1.3268,0.70494
-0.39136,1.0589,0.65398
-0.37137,0.77556,0.73864
0.71809,1.2296,0.46238
0.5387,1.0639,0.36845
-0.39795,0.88551,0.31984
0.12098,1.4085,0.36768
0.90227,0.89908,0.39994
-0.34565,1.0575,0.41209
-0.33989,1.1013,0.69196
-0.15897,0.45792,0.53297
0.32015,1.3788,0.50126
0.679,0.39472,0.62717
0.48257,1.3499,0.41416
0.13822,1.1617,0.40513
-0.43474,0.56084,0.32589
-0.55833,0.65174,0.41627
-0.21671,0.079264,0.60105
0.76865,1.1704,0.51483
-0.42827,0.98792,0.5735
0.17052,1.4705,0.64486
0.63722,0.50996,0.60556
0.32527,1.2193,0.34937
0.90253,0.51117,0.3695
1.0942,-1.0405,1.2536
-0.38477,0.86193,0.32865
0.5714,1.1143,0.70383
-0.36507,0.22692,0.59228
0.94477,0.82474,0.50783
0.15811,0.13512,0.61673
0.81171,0.84,0.3679
0.50224,0.070932,0.30752
0.39983,1.2712,0.28131
0.62421,1.0762,0.65881
0.27179,1.2244,0.3315
0.064571,1.1099,0.41626
0.17885,0.096356,0.67748
-0.070462,0.33562,0.5876
-0.12381,-0.0069952,0.37063
0.2992,1.09,0.60572
-0.52104,0.87364,0.39139
0.090881,0.26734,0.58106
0.63407,0.65482,0.65152
-0.35605,0.2792,0.62543
0.8612,0.79879,0.38287
-0.14628,-0.0046166,0.56529
0.37657,0.14876,0.6553
0.7578,0.33319,0.61859
0.26406,-0.058848,0.59734
1.1347,-1.0363,1.2944
0.35419,1.0736,0.54379
0.246,-0.10422,0.50051
-0.51342,0.38312,0.42518
-0.45217,0.72551,0.64414
0.038805,1.1448,0.46792
0.34627,0.12132,0.68514
-0.26859,0.97988,0.61243
-0.21722,0.10836,0.65174
-0.21706,1.2218,0.5761
0.77012,0.1963,0.44528
0.021218,0.20359,0.63151
0.63063,0.12391,0.53558
0.20332,0.17618,0.65858
-0.15507,0.83376,0.39682
0.6886,0.65652,0.67265
-0.43871,0.256,0.4951
0.26224,1.3217,0.60321
-0.02788,1.3192,0.34902
0.82181,1.0739,0.40065
0.38355,0.1799,0.67086
0.34078,1.3865,0.61991
-0.0506,0.19995,0.31857
-0.21812,0.50511,0.55623
0.57731,0.96269,0.3839
-0.25796,1.0954,0.37341
0.1893,1.4817,1.4875
0.45239,1.2556,0.3442
0.20216,1.1349,0.56464
0.60143,0.23704,0.35621
0.17942,-0.11573,0.48282
-0.35281,0.062767,0.5525
0.81641,0.70439,0.31518
-0.36652,1.1313,0.57298
-0.26634,1.2067,0.67001
0.1841,-0.071705,0.51813
-0.067055,0.34135,0.61014
1.0899,-0.9491,1.2627
-0.38339,0.22016,0.55996
-0.2911,1.0376,0.70817
-0.2192,0.59518,0.49205
0.50248,0.10831,0.40411
0.63024,0.86963,0.64781
0.69309,1.2269,0.57954
0.31514,1.3073,0.6658
-0.31434,0.56282,0.3308
-0.60251,0.64306,0.47918
0.44443,-0.090722,0.55134
0.15861,1.516,1.4425
-0.14242,0.81961,0.47102
-0.064847,0.048874,0.32353
0.074607,1.3712,0.64143
0.41616,0.097166,0.24561
-0.054092,1.2921,0.73595
